X,Y,field_3,
110.37261261595,-7.76438394524469,139.021
110.372601585179,-7.76437991293077,138.924
110.372605067385,-7.76436783377587,138.897
